{
  "$metadata": {
    "tokenSetOrder": [
      "global",
      "semantic",
      "components"
    ]
  },
  "global": {
    "colors": {
      "base": {
        "black": {
          "value": "#000000",
          "type": "color",
          "description": "Pure black background"
        },
        "dark": {
          "value": "#0A0A0A",
          "type": "color",
          "description": "Card backgrounds"
        },
        "darker": {
          "value": "#1A1A1A",
          "type": "color",
          "description": "Borders and dividers"
        },
        "white": {
          "value": "#FFFFFF",
          "type": "color",
          "description": "Primary text"
        }
      },
      "brand": {
        "lime": {
          "500": {
            "value": "#CDFF00",
            "type": "color",
            "description": "Primary brand color"
          },
          "600": {
            "value": "#A0CC00",
            "type": "color",
            "description": "Darker brand accent"
          },
          "700": {
            "value": "#E0FF33",
            "type": "color",
            "description": "Hover state"
          }
        },
        "orange": {
          "500": {
            "value": "#FF9500",
            "type": "color",
            "description": "Streaks and warmth"
          }
        }
      },
      "semantic": {
        "critical": {
          "value": "#EF4444",
          "type": "color",
          "description": "Critical alerts and high risk"
        },
        "warning": {
          "value": "#F59E0B",
          "type": "color",
          "description": "Warnings and medium risk"
        },
        "success": {
          "value": "#10B981",
          "type": "color",
          "description": "Success states and low risk"
        },
        "info": {
          "value": "#60A5FA",
          "type": "color",
          "description": "Informational elements"
        },
        "purple": {
          "value": "#8B5CF6",
          "type": "color",
          "description": "Challenges and special events"
        }
      },
      "activity-rings": {
        "move": {
          "value": "#FF0040",
          "type": "color",
          "description": "Move ring (red)"
        },
        "exercise": {
          "value": "#CDFF00",
          "type": "color",
          "description": "Exercise ring (lime)"
        },
        "stand": {
          "value": "#00FFFF",
          "type": "color",
          "description": "Stand ring (cyan)"
        }
      },
      "grayscale": {
        "100": {
          "value": "#F5F5F5",
          "type": "color"
        },
        "200": {
          "value": "#E5E5E5",
          "type": "color"
        },
        "300": {
          "value": "#D4D4D4",
          "type": "color"
        },
        "400": {
          "value": "#A3A3A3",
          "type": "color"
        },
        "500": {
          "value": "#737373",
          "type": "color"
        },
        "600": {
          "value": "#525252",
          "type": "color"
        },
        "700": {
          "value": "#404040",
          "type": "color"
        },
        "800": {
          "value": "#262626",
          "type": "color"
        },
        "900": {
          "value": "#171717",
          "type": "color"
        }
      }
    },
    "typography": {
      "fontFamily": {
        "primary": {
          "value": "SF Pro Display, -apple-system, BlinkMacSystemFont, system-ui, sans-serif",
          "type": "fontFamily"
        }
      },
      "fontSize": {
        "xs": {
          "value": "10px",
          "type": "fontSize",
          "description": "Extra small text (badges, captions)"
        },
        "sm": {
          "value": "12px",
          "type": "fontSize",
          "description": "Small text (labels, metadata)"
        },
        "base": {
          "value": "14px",
          "type": "fontSize",
          "description": "Base body text"
        },
        "lg": {
          "value": "16px",
          "type": "fontSize",
          "description": "Large body text"
        },
        "xl": {
          "value": "18px",
          "type": "fontSize",
          "description": "Section titles"
        },
        "2xl": {
          "value": "20px",
          "type": "fontSize",
          "description": "Card titles"
        },
        "3xl": {
          "value": "24px",
          "type": "fontSize",
          "description": "Page subtitles"
        },
        "4xl": {
          "value": "32px",
          "type": "fontSize",
          "description": "Page titles"
        },
        "5xl": {
          "value": "48px",
          "type": "fontSize",
          "description": "Display headlines"
        },
        "hero": {
          "value": "64px",
          "type": "fontSize",
          "description": "Hero metrics (Watch)"
        }
      },
      "fontWeight": {
        "regular": {
          "value": "400",
          "type": "fontWeight"
        },
        "medium": {
          "value": "500",
          "type": "fontWeight"
        },
        "semibold": {
          "value": "600",
          "type": "fontWeight"
        },
        "bold": {
          "value": "700",
          "type": "fontWeight"
        }
      },
      "lineHeight": {
        "tight": {
          "value": "1.2",
          "type": "lineHeight"
        },
        "normal": {
          "value": "1.5",
          "type": "lineHeight"
        },
        "relaxed": {
          "value": "1.75",
          "type": "lineHeight"
        }
      },
      "letterSpacing": {
        "tight": {
          "value": "-0.5px",
          "type": "letterSpacing"
        },
        "normal": {
          "value": "0px",
          "type": "letterSpacing"
        },
        "wide": {
          "value": "0.5px",
          "type": "letterSpacing"
        },
        "wider": {
          "value": "1px",
          "type": "letterSpacing"
        }
      }
    },
    "spacing": {
      "0": {
        "value": "0px",
        "type": "spacing"
      },
      "1": {
        "value": "4px",
        "type": "spacing"
      },
      "2": {
        "value": "8px",
        "type": "spacing"
      },
      "3": {
        "value": "12px",
        "type": "spacing"
      },
      "4": {
        "value": "16px",
        "type": "spacing"
      },
      "5": {
        "value": "20px",
        "type": "spacing"
      },
      "6": {
        "value": "24px",
        "type": "spacing"
      },
      "8": {
        "value": "32px",
        "type": "spacing"
      },
      "10": {
        "value": "40px",
        "type": "spacing"
      },
      "12": {
        "value": "48px",
        "type": "spacing"
      },
      "16": {
        "value": "64px",
        "type": "spacing"
      }
    },
    "borderRadius": {
      "none": {
        "value": "0px",
        "type": "borderRadius"
      },
      "sm": {
        "value": "6px",
        "type": "borderRadius"
      },
      "md": {
        "value": "8px",
        "type": "borderRadius"
      },
      "lg": {
        "value": "12px",
        "type": "borderRadius"
      },
      "xl": {
        "value": "16px",
        "type": "borderRadius"
      },
      "2xl": {
        "value": "20px",
        "type": "borderRadius"
      },
      "3xl": {
        "value": "24px",
        "type": "borderRadius"
      },
      "full": {
        "value": "9999px",
        "type": "borderRadius"
      }
    },
    "borderWidth": {
      "none": {
        "value": "0px",
        "type": "borderWidth"
      },
      "thin": {
        "value": "1px",
        "type": "borderWidth"
      },
      "medium": {
        "value": "2px",
        "type": "borderWidth"
      },
      "thick": {
        "value": "3px",
        "type": "borderWidth"
      }
    },
    "shadows": {
      "sm": {
        "value": "0 1px 2px rgba(0, 0, 0, 0.05)",
        "type": "boxShadow"
      },
      "md": {
        "value": "0 4px 6px rgba(0, 0, 0, 0.1)",
        "type": "boxShadow"
      },
      "lg": {
        "value": "0 10px 15px rgba(0, 0, 0, 0.3)",
        "type": "boxShadow"
      },
      "xl": {
        "value": "0 25px 50px rgba(0, 0, 0, 0.5)",
        "type": "boxShadow"
      },
      "glow-lime": {
        "value": "0 0 20px rgba(205, 255, 0, 0.5)",
        "type": "boxShadow"
      },
      "glow-critical": {
        "value": "0 0 20px rgba(239, 68, 68, 0.5)",
        "type": "boxShadow"
      }
    },
    "opacity": {
      "0": {
        "value": "0",
        "type": "opacity"
      },
      "10": {
        "value": "0.1",
        "type": "opacity"
      },
      "20": {
        "value": "0.2",
        "type": "opacity"
      },
      "30": {
        "value": "0.3",
        "type": "opacity"
      },
      "50": {
        "value": "0.5",
        "type": "opacity"
      },
      "70": {
        "value": "0.7",
        "type": "opacity"
      },
      "90": {
        "value": "0.9",
        "type": "opacity"
      },
      "100": {
        "value": "1",
        "type": "opacity"
      }
    }
  },
  "semantic": {
    "text": {
      "primary": {
        "value": "{global.colors.base.white}",
        "type": "color"
      },
      "secondary": {
        "value": "{global.colors.grayscale.400}",
        "type": "color"
      },
      "tertiary": {
        "value": "{global.colors.grayscale.600}",
        "type": "color"
      },
      "brand": {
        "value": "{global.colors.brand.lime.500}",
        "type": "color"
      },
      "critical": {
        "value": "{global.colors.semantic.critical}",
        "type": "color"
      }
    },
    "background": {
      "primary": {
        "value": "{global.colors.base.black}",
        "type": "color"
      },
      "secondary": {
        "value": "{global.colors.base.dark}",
        "type": "color"
      },
      "tertiary": {
        "value": "{global.colors.base.darker}",
        "type": "color"
      }
    },
    "border": {
      "default": {
        "value": "{global.colors.base.darker}",
        "type": "color"
      },
      "brand": {
        "value": "{global.colors.brand.lime.500}",
        "type": "color"
      },
      "critical": {
        "value": "{global.colors.semantic.critical}",
        "type": "color"
      }
    }
  },
  "components": {
    "button": {
      "primary": {
        "background": {
          "value": "{global.colors.brand.lime.500}",
          "type": "color"
        },
        "text": {
          "value": "{global.colors.base.black}",
          "type": "color"
        },
        "borderRadius": {
          "value": "{global.borderRadius.lg}",
          "type": "borderRadius"
        },
        "padding": {
          "value": "{global.spacing.3} {global.spacing.6}",
          "type": "spacing"
        }
      },
      "secondary": {
        "background": {
          "value": "transparent",
          "type": "color"
        },
        "text": {
          "value": "{global.colors.brand.lime.500}",
          "type": "color"
        },
        "border": {
          "value": "{global.borderWidth.thin} solid {global.colors.brand.lime.500}",
          "type": "border"
        }
      }
    },
    "card": {
      "background": {
        "value": "{global.colors.base.dark}",
        "type": "color"
      },
      "border": {
        "value": "{global.borderWidth.thin} solid {global.colors.base.darker}",
        "type": "border"
      },
      "borderRadius": {
        "value": "{global.borderRadius.xl}",
        "type": "borderRadius"
      },
      "padding": {
        "value": "{global.spacing.4}",
        "type": "spacing"
      }
    },
    "badge": {
      "critical": {
        "background": {
          "value": "rgba(239, 68, 68, 0.2)",
          "type": "color"
        },
        "text": {
          "value": "{global.colors.semantic.critical}",
          "type": "color"
        },
        "border": {
          "value": "{global.borderWidth.thin} solid {global.colors.semantic.critical}",
          "type": "border"
        }
      },
      "ai-active": {
        "background": {
          "value": "rgba(205, 255, 0, 0.2)",
          "type": "color"
        },
        "text": {
          "value": "{global.colors.brand.lime.500}",
          "type": "color"
        }
      }
    }
  }
}
